È¸Â÷,´çÃ·ÀÚ¼ö,´çÃ·±Ý¾×,´çÃ·ÀÚ¼ö,´çÃ·±Ý¾×,´çÃ·ÀÚ¼ö,´çÃ·±Ý¾×,´çÃ·ÀÚ¼ö,´çÃ·±Ý¾×,´çÃ·ÀÚ¼ö,´çÃ·±Ý¾×
811,7,2524148197,49,60098767,2151,1369057,104155,50000,1703788,5000
810,8,2231598047,64,46491626,2053,1449325,100608,50000,1672013,5000
809,6,2921372750,56,52167371,2179,1340695,104350,50000,1703714,5000
808,6,3087620500,46,67122185,1962,1573711,95319,50000,1597761,5000
807,7,2437662322,59,48202363,2319,1226365,108300,50000,1749855,5000
806,7,2640760875,57,54050662,1850,1665345,91180,50000,1561838,5000
805,4,4266061969,53,53661157,2075,1370623,105602,50000,1700112,5000
804,11,1631996523,49,61061095,2048,1460935,100907,50000,1659443,5000
803,5,3663810225,50,61063504,2094,1458059,102413,50000,1657869,5000
802,16,1082947993,67,43102408,2207,1308501,107980,50000,1814300,5000
801,8,2256786657,51,59000959,1999,1505278,97006,50000,1618941,5000
800,11,1632246205,51,58675518,2179,1373315,110956,50000,1801924,5000
799,10,1826427225,56,54357954,2242,1357737,107519,50000,1725236,5000
798,7,2710791911,60,52709843,2124,1488979,98988,50000,1653851,5000
797,8,2397028125,34,94001103,1868,1710941,97900,50000,1641334,5000
796,7,2763490340,46,70088524,1921,1678331,96701,50000,1643069,5000
795,11,1714977000,62,50711686,2423,1297617,111043,50000,1825105,5000
794,7,2650940304,45,68728082,2607,1186331,116809,50000,1877646,5000
793,5,3750146775,61,51231514,2043,1529674,98216,50000,1635392,5000
792,7,2655736768,65,47667071,1958,1582411,99185,50000,1684675,5000
791,14,1253081893,38,76943625,2410,1213219,102931,50000,1713102,5000
790,16,1160516274,59,52452713,2417,1280394,113336,50000,1812992,5000
789,15,1140976825,70,40749173,2437,1170473,118089,50000,1868863,5000
788,13,1401475154,70,43378993,2257,1345384,112504,50000,1828701,5000
787,6,3092108313,51,60629575,2339,1321979,114842,50000,1863599,5000
786,4,4551365250,96,31606704,2064,1470080,103000,50000,1708226,5000
785,6,2886622688,55,52484049,1972,1463805,100062,50000,1678240,5000
784,9,1908678000,51,56137589,2257,1268506,115089,50000,1699421,5000
783,4,4603964625,36,85258605,1869,1642221,90899,50000,1532640,5000
782,9,1946487625,49,59586356,2047,1426347,96821,50000,1585617,5000
781,9,1882891542,52,54314180,1967,1435861,102959,50000,1699786,5000
780,11,1667520137,45,67936006,1681,1818632,92630,50000,1605516,5000
779,11,1527709296,66,42436370,2503,1118978,114464,50000,1751447,5000
778,3,6264069500,67,46746788,1731,1809379,92126,50000,1575045,5000
777,21,833468036,66,44199063,2413,1208926,111938,50000,1766635,5000
776,7,2557579393,50,59676853,2001,1491176,102081,50000,1687650,5000
775,5,3470437650,37,78163011,1719,1682392,91297,50000,1539325,5000
774,11,1709721512,60,52241491,1956,1602500,101524,50000,1704279,5000
773,11,1609403080,58,50871937,2094,1409061,104474,50000,1690404,5000
772,10,1769608838,53,55648077,2027,1455032,103023,50000,1688350,5000
771,4,4362644907,49,59355714,2054,1415984,102013,50000,1680976,5000
770,8,2163099329,75,38455100,2302,1252882,108450,50000,1717526,5000
769,9,1930760042,55,52657093,1962,1476117,99272,50000,1660799,5000
768,13,1363572260,53,55743521,1849,1597841,93126,50000,1572387,5000
767,15,1163768725,46,63248301,1905,1527256,92437,50000,1549115,5000
766,8,2173637297,41,70687392,1734,1671386,85422,50000,1458764,5000
765,15,1109214250,54,51352512,2121,1307419,101653,50000,1643849,5000
764,7,2459975465,44,65226623,1908,1504178,90896,50000,1530979,5000
763,8,2138130000,45,63352000,2019,1412006,94176,50000,1562106,5000
762,10,1631432063,53,51302896,2044,1330261,103406,50000,1671344,5000
761,7,2392730518,52,53683057,2139,1305058,101503,50000,1660130,5000
760,8,2253299391,45,66764427,1749,1717782,89221,50000,1520831,5000
759,6,3032670500,44,68924330,1761,1722130,88543,50000,1525518,5000
758,8,2078969954,63,43999365,2170,1277401,106121,50000,1680080,5000
757,21,739839858,68,38079993,2657,974573,117353,50000,1788667,5000
756,5,3414434700,53,53686081,1866,1524846,94800,50000,1598715,5000
755,8,2214427266,54,54677217,1845,1600309,89745,50000,1508502,5000
754,5,3427542000,50,57125700,1856,1538947,93279,50000,1573739,5000
753,6,2711105063,58,46743191,1934,1401813,97566,50000,1578072,5000
752,9,1870358834,75,37407177,2036,1377966,102477,50000,1646451,5000
751,8,2097968110,69,40540447,2210,1265743,102632,50000,1651438,5000
750,7,2522104286,44,66873978,1779,1653994,93135,50000,1585532,5000
749,13,1350104395,64,45706660,1985,1473666,95573,50000,1589197,5000
748,9,1928246542,59,49023218,1937,1493222,99448,50000,1652756,5000
747,9,1903214584,59,48386812,2217,1287696,105307,50000,1713003,5000
746,9,2038623709,58,52723027,1904,1606059,94197,50000,1589291,5000
745,20,746822982,110,22631000,3692,674272,141918,50000,1955276,5000
744,15,1155411575,61,47352934,2779,1039414,109229,50000,1636793,5000
743,7,2608641000,46,66161185,1982,1535527,91886,50000,1555362,5000
742,16,1111814813,44,67382716,1986,1492870,98348,50000,1658556,5000
741,6,3043595938,55,55338108,1829,1664077,95007,50000,1619435,5000
740,18,936929792,43,65367195,2447,1148668,115722,50000,1864169,5000
739,4,4744122282,45,70283294,1942,1628604,101983,50000,1719739,5000
738,11,1634191091,48,62417021,1640,1826840,88050,50000,1502685,5000
737,4,4283061000,48,59486959,1937,1474122,94183,50000,1567166,5000
736,5,3397362225,54,52428430,2250,1258283,107357,50000,1747634,5000
735,10,1847231588,50,61574387,2269,1356862,107013,50000,1752740,5000
734,9,1949395500,36,81224813,1758,1663307,92514,50000,1542069,5000
733,4,4016725125,57,46979242,1966,1362064,101369,50000,1633952,5000
732,7,2203270608,45,57121831,2061,1247202,104583,50000,1705993,5000
731,7,2340471054,45,60678880,1908,1431106,96083,50000,1594258,5000
730,8,2017382110,45,59774285,1741,1544999,88791,50000,1501752,5000
729,4,4198250719,35,79966681,1875,1492712,89560,50000,1504682,5000
728,5,3243464400,56,48265840,1869,1446168,94693,50000,1559062,5000
727,14,1115107742,87,29907105,2064,1260620,99271,50000,1600135,5000
726,14,1166872634,56,48619694,2099,1297143,96718,50000,1556425,5000
725,11,1579217250,47,61600673,1795,1612943,88359,50000,1504907,5000
724,12,1427789813,55,51919630,1833,1557873,90083,50000,1528970,5000
723,8,2114365360,40,70478846,1777,1586469,85141,50000,1412967,5000
722,4,4365422719,46,63266996,1688,1724101,84912,50000,1439078,5000
721,8,2273767360,40,75792246,1607,1886553,84770,50000,1464353,5000
720,14,1233770358,37,77805338,1778,1619122,88260,50000,1505233,5000
719,9,1879581334,58,48609863,2020,1395729,99906,50000,1627784,5000
718,17,926166464,64,41002162,2404,1091572,114614,50000,1595315,5000
717,6,2702433688,47,57498590,1974,1369015,96836,50000,1567530,5000
716,12,1358752157,35,77642981,1743,1559096,88628,50000,1469730,5000
715,6,2605510438,61,42713286,1873,1391090,90747,50000,1503174,5000
714,7,2085131733,46,52883776,2029,1198943,96576,50000,1551993,5000
713,9,1714720917,50,51441628,1791,1436115,87920,50000,1470125,5000
712,4,4034485125,47,57226740,1727,1557416,86066,50000,1449521,5000
711,7,2277413358,44,60385961,1865,1424656,89898,50000,1465123,5000
710,5,2895441150,57,42331011,1990,1212497,102058,50000,1627229,5000
709,14,1165271625,44,61794708,1696,1603165,82305,50000,1385853,5000
708,4,4099552219,52,52558362,1712,1596399,86091,50000,1446865,5000
707,12,1322167313,74,35734252,2006,1318213,94281,50000,1507647,5000
706,4,3831746063,51,50088184,2108,1211811,95376,50000,1531393,5000
705,4,3987206532,49,54247708,1805,1472653,87931,50000,1453654,5000
704,4,3865190344,47,54825395,1906,1351938,95021,50000,1519932,5000
703,5,3235784100,51,52872290,1719,1568637,84194,50000,1416580,5000
702,11,1465091387,46,58391324,1819,1476636,88043,50000,1443954,5000
701,10,1583183175,40,65965966,1659,1590500,81917,50000,1404422,5000
700,8,2082099188,41,67710543,1562,1777294,82874,50000,1414076,5000
699,8,1995411375,50,53210970,1799,1478905,90504,50000,1512397,5000
698,8,1921084125,48,53363448,2088,1226746,97965,50000,1550364,5000
697,10,1531443038,90,28360057,1940,1315673,99698,50000,1615786,5000
696,10,1632054413,44,61820243,1721,1580530,90020,50000,1501952,5000
695,11,1450214830,66,40283746,1979,1343471,95436,50000,1558885,5000
694,10,1555036388,78,33227274,2286,1133739,102474,50000,1581822,5000
693,10,1642763813,43,63673016,1692,1618168,87017,50000,1484420,5000
692,7,2301273697,44,61018621,1770,1516848,87763,50000,1465709,5000
691,6,2839296750,31,91590218,1708,1662352,86063,50000,1455528,5000
690,15,1126507625,34,82831444,1772,1589317,87970,50000,1528472,5000
689,7,2321775911,44,61562241,1809,1497368,90296,50000,1509073,5000
688,9,1967536750,53,55685003,2107,1400715,97676,50000,1610713,5000
687,6,2720029313,38,71579719,1780,1528107,91404,50000,1538380,5000
686,8,1937531719,36,71760435,1863,1386676,91027,50000,1483730,5000
685,11,1494367671,52,52686040,1910,1434385,95302,50000,1576169,5000
684,9,1688815709,62,40858445,1968,1287208,98607,50000,1623161,5000
683,16,1010930883,45,59907016,2704,996974,117974,50000,1700964,5000
682,4,4063713563,56,48377543,1851,1463611,87618,50000,1464978,5000
681,6,2696328938,37,72873756,1441,1871152,73062,50000,1282079,5000
680,14,1110570563,44,58893894,1870,1385739,86441,50000,1413980,5000
679,5,2863005600,54,44182186,1829,1304450,91171,50000,1493041,5000
678,6,2288490188,41,55816834,1855,1233688,93305,50000,1494095,5000
677,8,1921114407,37,69229348,1701,1505871,79827,50000,1330115,5000
676,8,1879726500,63,39782572,1665,1505287,83276,50000,1371921,5000
675,4,3514549032,65,36046657,1806,1297361,88118,50000,1415830,5000
674,8,1770565500,48,49182375,1846,1278849,89646,50000,1465031,5000
673,10,1491453300,35,71021586,1864,1333560,88838,50000,1450769,5000
672,9,1754745000,46,57219946,1629,1615788,80167,50000,1341175,5000
671,4,3722322844,48,51698929,1778,1395697,90364,50000,1519963,5000
670,12,1191725219,39,61114114,2145,1111166,92680,50000,1483948,5000
669,6,2708173188,52,52080254,1949,1389520,93078,50000,1531364,5000
668,5,2991158625,56,44511290,1873,1330824,89414,50000,1452289,5000
667,7,2228764393,40,65005629,1543,1685176,81344,50000,1368363,5000
666,6,2396901063,47,50997895,1947,1231074,93631,50000,1493940,5000
665,4,3643230375,30,80960675,1790,1356883,87227,50000,1430205,5000
664,10,1536801338,44,58212172,1530,1674076,77395,50000,1320082,5000
663,7,2080244143,60,40449192,1627,1491673,84092,50000,1386028,5000
662,8,1689733688,43,52394844,1787,1260761,88493,50000,1426759,5000
661,8,1713025547,63,36254509,1830,1248107,87840,50000,1426883,5000
660,10,1421272575,48,49349743,1951,1214141,88247,50000,1408802,5000
659,11,1336604216,40,61261027,1765,1388352,85028,50000,1396789,5000
658,9,1634031375,38,64501239,1678,1460696,82738,50000,1364069,5000
657,9,1694762792,52,48887389,1562,1627494,78396,50000,1325593,5000
656,2,7330002750,48,50902797,1747,1398589,83772,50000,1385757,5000
655,9,1661439625,41,60784377,1610,1547926,77437,50000,1281655,5000
654,8,1879301391,69,36315003,1787,1402203,77788,50000,1282725,5000
653,14,980958670,56,40873278,1997,1146172,88995,50000,1419408,5000
652,5,3003483525,36,69525082,1504,1664165,75739,50000,1280663,5000
651,8,1855306454,35,70678342,1684,1468968,82567,50000,1365832,5000
650,5,2849298900,45,52764795,1814,1308940,87030,50000,1429743,5000
649,5,2948042100,45,54593373,1689,1454531,80347,50000,1313125,5000
648,7,2120987947,45,54988577,1631,1517159,80986,50000,1318403,5000
647,7,2189725608,44,58060907,1596,1600677,79202,50000,1351926,5000
646,7,2215498393,36,71798560,1522,1698258,77400,50000,1321212,5000
645,4,3696297750,28,88007090,1766,1395356,87873,50000,1444728,5000
644,8,1831451204,49,49835407,1879,1299593,87582,50000,1401744,5000
643,6,2535763625,43,58971248,1525,1662796,84656,50000,1407225,5000
642,12,1251460438,62,40369692,1815,1379020,88406,50000,1465689,5000
641,8,1990074563,50,53068655,1565,1695485,79145,50000,1340371,5000
640,9,1728768834,48,54024027,1639,1582156,85410,50000,1404905,5000
639,4,4061185219,45,60165707,1628,1663058,84861,50000,1439719,5000
638,7,2229403179,41,63438302,1719,1513072,84781,50000,1422596,5000
637,4,3899241094,45,57766535,1637,1587963,82147,50000,1369826,5000
636,8,1832362219,44,55526128,1973,1238292,90830,50000,1461300,5000
635,8,1855587235,35,70689038,1650,1499465,85675,50000,1427626,5000
634,13,1077935106,54,43250483,2208,1057757,101514,50000,1562975,5000
633,12,1217257094,47,51798175,1789,1360825,87613,50000,1430227,5000
632,11,1432587716,52,50507901,1645,1596603,78418,50000,1320223,5000
631,4,3919853532,46,56809472,1676,1559210,85710,50000,1491785,5000
630,3,4836305500,48,50378183,1631,1482620,84380,50000,1420745,5000
629,5,2919433575,34,71554745,1321,1841682,68554,50000,1183752,5000
628,9,1499942875,37,60808495,1628,1382012,80147,50000,1323978,5000
627,10,1352230650,35,64391936,1532,1471096,74824,50000,1243945,5000
626,8,1717871110,45,50899885,1766,1296996,86261,50000,1371217,5000
625,5,2765184675,45,51207124,1654,1393181,82014,50000,1354445,5000
624,5,2763729450,61,37755867,1574,1463220,78840,50000,1309900,5000
623,8,1813702594,35,69093433,1456,1660900,73522,50000,1245962,5000
622,9,1630598292,34,71938160,1629,1501472,77626,50000,1270437,5000
621,6,2359723500,62,38060057,1555,1517508,82843,50000,1336734,5000
620,7,2028283233,44,53780238,1661,1424643,78155,50000,1266599,5000
619,3,4612479375,59,39088809,1712,1347103,83710,50000,1355209,5000
618,5,2881326225,45,53357894,1581,1518726,75243,50000,1260882,5000
617,8,1629701860,43,50533391,1993,1090284,93731,50000,1481805,5000
616,9,1611811250,49,49341161,1700,1422187,81118,50000,1350809,5000
615,9,1535062417,31,74277214,1670,1378799,83981,50000,1383278,5000
614,6,2540975438,46,55238597,1523,1668402,80393,50000,1360707,5000
613,9,1549831209,30,77491561,1538,1511539,77945,50000,1299580,5000
612,11,1181705250,59,36719655,1833,1181921,86228,50000,1364516,5000
611,4,3502706157,47,49683776,1486,1571425,74589,50000,1258998,5000
610,4,3516018375,34,68941537,1398,1676690,71718,50000,1218676,5000
609,2,6339311438,47,44959656,1621,1303581,80472,50000,1300134,5000
608,7,1943530018,32,70857866,1516,1495681,74353,50000,1243159,5000
607,4,3494480907,35,66561542,1448,1608878,73277,50000,1220405,5000
606,10,1311566850,44,49680563,1542,1417604,82879,50000,1366588,5000
605,9,1394232250,40,52283710,2286,914851,92980,50000,1386335,5000
604,11,1229141557,36,62595172,1451,1553016,75476,50000,1266398,5000
603,4,3452136563,30,76714146,1363,1688500,71799,50000,1227396,5000
602,8,1689530860,42,53635901,1675,1344901,77026,50000,1251693,5000
601,9,1524565209,28,81673137,1516,1508475,72233,50000,1205559,5000
600,15,901798725,41,54987728,1518,1485176,77138,50000,1258677,5000
599,8,1710918329,43,53051732,1685,1353843,79069,50000,1297530,5000
598,16,833998594,50,44479925,2053,1083291,86005,50000,1333411,5000
597,13,1057920606,46,49829594,1532,1496189,75553,50000,1260248,5000
596,10,1328267663,41,53994621,1651,1340872,80007,50000,1313990,5000
595,8,1744525219,54,43074697,1501,1549656,77652,50000,1281555,5000
594,11,1255592796,42,54807623,1750,1315383,79157,50000,1301802,5000
593,9,1532833500,62,37084682,1818,1264715,87413,50000,1383890,5000
592,6,2356381688,28,84156489,1406,1675948,75519,50000,1284347,5000
591,5,2964676200,38,65014829,1483,1665923,73310,50000,1251393,5000
590,7,2185183983,31,82238107,1370,1860863,70019,50000,1221113,5000
589,7,2136877983,42,59357722,1559,1599118,77435,50000,1301184,5000
588,5,2889342075,43,55995002,1676,1436626,78517,50000,1315684,5000
587,3,4974577375,43,57843923,1437,1730890,73745,50000,1254438,5000
586,8,1778354344,46,51546503,1570,1510280,80965,50000,1346737,5000
585,9,1620546334,45,54018212,1528,1590851,79691,50000,1339079,5000
584,3,5033183250,32,78643489,1464,1718984,77972,50000,1328119,5000
583,11,1341848353,51,48236379,1826,1347238,88583,50000,1445611,5000
582,4,3560558719,57,41643962,1631,1455369,79917,50000,1333596,5000
581,8,1844554547,39,63061694,1384,1777028,76964,50000,1321056,5000
580,7,2028610500,42,56350292,1665,1421449,86352,50000,1401162,5000
579,11,1396068444,46,55640409,1769,1446840,85011,50000,1408043,5000
578,5,2796466575,43,54195089,1615,1442966,80303,50000,1326822,5000
577,3,4484438375,42,53386172,1526,1469345,79150,50000,1322032,5000
576,3,4321966000,54,40018204,1561,1384359,76903,50000,1242512,5000
575,8,1699267875,45,50348678,1488,1522642,75000,50000,1257969,5000
574,2,6965184938,33,70355404,1259,1844106,68910,50000,1184428,5000
573,8,1645691766,50,43885114,1622,1352809,78997,50000,1308493,5000
572,8,1668216188,53,41967703,1734,1282750,81361,50000,1274889,5000
571,7,1966538465,33,69524088,1506,1523437,74042,50000,1238061,5000
570,9,1527791625,38,60307565,1573,1456890,77565,50000,1323078,5000
569,4,3467925188,36,64220837,1706,1355188,81582,50000,1329250,5000
568,10,1305167550,50,43505585,1845,1179014,87784,50000,1409876,5000
567,6,2318659438,53,43748292,1547,1498811,76284,50000,1271252,5000
566,4,3508951032,35,66837163,1555,1504374,74789,50000,1275890,5000
565,8,1742064469,39,59557760,1866,1244777,85438,50000,1384878,5000
564,7,1934801143,32,70539625,1649,1368871,83100,50000,1358618,5000
563,7,1932735643,38,59338375,1642,1373239,79945,50000,1324790,5000
562,11,1166694614,51,41940003,1789,1195607,85094,50000,1355577,5000
561,5,2753712225,41,55969761,1434,1600252,73966,50000,1252562,5000
560,7,1976697215,40,57653669,1476,1562431,73123,50000,1235465,5000
559,7,1926145608,42,53504045,1566,1434975,73823,50000,1239640,5000
558,10,1315913663,51,43003715,1408,1557663,77834,50000,1206457,5000
557,7,1888069286,43,51226687,1503,1465568,74569,50000,1238570,5000
556,7,2005209161,41,57058798,1411,1657981,73689,50000,1257532,5000
555,8,1711027360,46,49594996,1554,1468063,78046,50000,1296730,5000
554,2,6813893625,41,55397510,1484,1530525,74436,50000,1234010,5000
553,6,2249631438,52,43262144,1647,1365897,77687,50000,1272468,5000
552,10,1330824225,45,49289787,1808,1226793,86409,50000,1347284,5000
551,1,13526973750,32,70452989,1440,1565622,77811,50000,1313634,5000
550,11,1118679205,58,35360550,2728,751801,103421,50000,1328508,5000
549,8,1760805047,35,67078288,1487,1578844,71700,50000,1213077,5000
548,8,1736871891,46,50344113,1646,1406944,78057,50000,1291286,5000
547,5,2838444450,54,43803156,1548,1528018,75527,50000,1256984,5000
546,30,405939950,55,36903632,3110,652637,104469,50000,1379107,5000
545,11,1198994353,42,52337056,1497,1468375,77301,50000,1306657,5000
544,13,1046388433,47,48237765,1527,1484725,74263,50000,1235509,5000
543,12,1112934844,47,47358930,1968,1131032,81520,50000,1280433,5000
542,6,2335152563,26,89813561,1456,1603814,72242,50000,1236252,5000
541,11,1269327171,40,58177496,1444,1611565,73911,50000,1246235,5000
540,7,1989365250,26,89266390,1409,1647216,72629,50000,1234194,5000
539,9,1621036667,42,57894167,1519,1600761,75592,50000,1270479,5000
538,3,4688021625,48,48833559,1724,1359636,82529,50000,1347630,5000
537,7,2104038911,35,70134631,1444,1699940,75265,50000,1265143,5000
536,11,1308523603,40,59973999,1676,1431361,80139,50000,1336621,5000
535,3,4935603000,31,79606500,1512,1632144,76742,50000,1336486,5000
534,1,14215763250,55,43078071,1537,1541506,79943,50000,1332446,5000
533,8,1785671579,44,54111260,1517,1569477,78509,50000,1333013,5000
532,7,2216896286,26,99476116,1480,1747554,74186,50000,1288672,5000
531,9,1521519750,42,54339992,1618,1410557,78757,50000,1317489,5000
530,11,1231656239,40,56450911,1449,1558342,75595,50000,1255300,5000
529,8,1749114797,33,70671305,1502,1552699,75069,50000,1282443,5000
528,11,1197889125,86,25536397,1811,1212662,87443,50000,1366616,5000
527,13,1032386366,29,77132315,1967,1137183,83212,50000,1287504,5000
526,9,1491031959,49,45643836,1539,1453248,78325,50000,1291054,5000
525,9,1501132375,41,54919478,1543,1459300,73791,50000,1215973,5000
524,4,3491695594,36,64661030,1338,1739759,67866,50000,1163075,5000
523,7,1780355840,43,48304229,1557,1334029,79706,50000,1247454,5000
522,6,2281623000,39,58503154,1495,1526170,76078,50000,1293961,5000
521,8,1693420922,53,42601785,1612,1400679,75589,50000,1250016,5000
520,6,2167205438,37,58573120,1627,1332026,77196,50000,1260891,5000
519,7,1950601393,32,71115676,1357,1677010,71405,50000,1206248,5000
518,6,2263804125,34,66582475,1349,1678135,71110,50000,1198970,5000
517,5,2659057725,40,55397036,1493,1484181,70854,50000,1192872,5000
516,11,1294190182,32,74146313,1338,1773305,67233,50000,1169955,5000
515,1,13200466875,35,62859367,1450,1517296,74773,50000,1258039,5000
514,3,4451055500,36,61820216,1362,1634015,70323,50000,1181166,5000
513,3,4589624750,54,42496526,1626,1411324,82270,50000,1337355,5000
512,13,940094452,52,39170603,1682,1210982,82439,50000,1318396,5000
511,6,2165579250,37,58529169,1524,1420984,72310,50000,1209004,5000
510,5,2644158150,25,88138605,1319,1670558,69724,50000,1173715,5000
509,5,2689076100,34,65908728,1228,1824835,64934,50000,1104261,5000
508,8,1599557860,31,68798188,1596,1336306,75460,50000,1234049,5000
507,9,1416438875,29,73264080,1473,1442403,73411,50000,1230314,5000
506,3,4073333875,33,61717180,1588,1282536,75289,50000,1224774,5000
505,6,1917955188,38,50472505,1440,1331914,69758,50000,1144014,5000
504,9,1443236959,29,74650188,1294,1672995,63257,50000,1082365,5000
503,7,1853634911,42,51489859,1292,1673819,69822,50000,1198882,5000
502,6,2201458125,31,71014779,1482,1485465,70160,50000,1176131,5000
501,4,3025200094,61,33062297,1639,1230507,77235,50000,1272541,5000
500,9,1351072375,68,29803068,1831,1106832,84979,50000,1308863,5000
499,3,4070480250,46,44244351,1514,1344281,76797,50000,1252409,5000
498,4,3244503094,35,61800059,1334,1621441,68471,50000,1139612,5000
497,6,2222817813,30,74093928,1148,1936253,61101,50000,1073640,5000
496,4,3285932250,46,47622207,1389,1577122,66873,50000,1117856,5000
495,6,2111645000,44,47991932,1568,1346713,75762,50000,1228344,5000
494,12,1054588407,40,52729421,1539,1370486,74174,50000,1215736,5000
493,9,1451120334,27,80617797,1342,1621968,68608,50000,1154415,5000
492,5,2493013800,40,51937788,1434,1448753,69327,50000,1152057,5000
491,4,3304634438,31,71067408,1360,1619919,68290,50000,1133544,5000
490,7,1860234161,29,74837007,1357,1599318,65961,50000,1126965,5000
489,6,2106360625,52,40506936,1538,1369546,75822,50000,1227452,5000
488,10,1330393575,33,67191595,1345,1648567,69224,50000,1181353,5000
487,8,1638830766,46,47502342,1587,1376880,76639,50000,1265088,5000
486,13,1008634125,29,75357722,1501,1455946,72658,50000,1230904,5000
485,9,1501474917,33,68248860,1406,1601859,72785,50000,1237898,5000
484,6,2305303063,32,72040721,1343,1716533,70285,50000,1197263,5000
483,5,2567196675,53,40364728,1886,1134322,83480,50000,1300537,5000
482,7,1897921179,30,73808046,1639,1350971,78522,50000,1292139,5000
481,3,4639355750,34,68225820,1294,1792642,66695,50000,1185827,5000
480,4,2996742282,50,39956564,1983,1007478,96288,50000,1382163,5000
479,6,2233046500,34,65677839,1389,1607665,71489,50000,1197119,5000
478,14,987224759,35,65814984,1285,1792627,67069,50000,1141261,5000
477,8,1919011829,33,77535832,1474,1735877,73001,50000,1256239,5000
476,4,3439851469,34,67448069,1294,1772206,68643,50000,1203577,5000
475,8,1693923047,33,68441336,1486,1519896,75257,50000,1238055,5000
474,15,936690800,48,48785980,1738,1347369,81500,50000,1336085,5000
473,4,3250418063,36,60192928,1313,1650378,67064,50000,1148971,5000
472,7,1809656090,23,91794150,1352,1561587,68212,50000,1132776,5000
471,7,1939332858,30,75418500,1219,1856075,63297,50000,1096176,5000
470,3,4333330625,27,80246864,1390,1558753,71706,50000,1207572,5000
469,4,3330131250,33,67275379,1277,1738519,65880,50000,1125554,5000
468,9,1527197167,33,69418054,1457,1572269,70701,50000,1187572,5000
467,9,1435441084,33,65247322,1811,1188936,88314,50000,1410192,5000
466,9,1530313459,55,41735822,1746,1314703,83132,50000,1327403,5000
465,7,1923662893,46,48788552,1733,1295023,83244,50000,1356052,5000
464,13,3355721106,78,67273025,3145,1668457,159899,50000,2682564,5000
463,0,0,37,54687384,1254,1613584,62251,50000,1060512,5000
462,8,1483559297,39,50719976,1394,1418996,67106,50000,1096569,5000
461,6,1948674875,32,60896090,1717,1134931,75605,50000,1188529,5000
460,4,3180895782,30,70686573,1307,1622493,66799,50000,1130818,5000
459,7,1655842233,46,41995999,1532,1260977,73084,50000,1167264,5000
458,8,1608812625,52,41251606,1433,1496918,72902,50000,1216672,5000
457,10,1159902825,47,41131306,1506,1283647,72524,50000,1149591,5000
456,7,1598505054,39,47818528,1616,1154037,75858,50000,1199612,5000
455,7,1635711483,32,59635315,1448,1317908,69056,50000,1133097,5000
454,7,1609125590,43,43658447,1397,1343818,74480,50000,1090420,5000
453,5,2262732375,36,52378065,1412,1335419,69250,50000,1096036,5000
452,9,1276902000,48,39903188,1298,1475619,66864,50000,1112471,5000
451,13,882138952,31,61654873,1612,1185671,74696,50000,1181075,5000
450,6,1990391625,34,58540931,1349,1475458,67461,50000,1113967,5000
449,3,4059715250,39,52047632,1295,1567458,65963,50000,1114025,5000
448,3,4026212750,35,57517325,1422,1415687,72122,50000,1191936,5000
447,4,2657941125,31,57160025,1721,1029612,84363,50000,1276737,5000
446,3,4051247625,41,49405459,1375,1473181,68198,50000,1136546,5000
445,7,1791683036,28,74653460,1183,1766946,61433,50000,1046503,5000
444,3,4154188625,26,79888243,1270,1635508,65611,50000,1087892,5000
443,9,1327597584,41,48570644,1668,1193883,74414,50000,1193233,5000
442,9,1413413042,27,78522947,1271,1668073,63699,50000,1092813,5000
441,4,3170417063,42,50324081,1127,1875432,60027,50000,1045164,5000
440,6,1995873000,41,48679830,1495,1335033,68428,50000,1103401,5000
439,6,1900077375,33,57578103,1437,1322253,75335,50000,1174597,5000
438,9,1377142167,41,50383250,1303,1585352,65010,50000,1081763,5000
437,6,2096245438,33,63522590,1286,1630051,64531,50000,1080539,5000
436,8,1512266579,44,45826260,1425,1414987,70742,50000,1153313,5000
435,10,1287550013,31,69223119,1426,1504851,67838,50000,1122280,5000
434,8,1480060266,37,53335506,1867,1056998,78263,50000,1217852,5000
433,11,1182294410,41,52866824,1278,1696041,65906,50000,1112537,5000
432,5,2299427550,48,39920618,1747,1096846,83754,50000,1331414,5000
431,10,1268434013,43,49164110,1337,1581195,66865,50000,1115054,5000
430,8,1611763219,45,47755948,1449,1483104,70039,50000,1180669,5000
429,9,1485904709,37,60239381,1389,1604649,68256,50000,1150652,5000
428,9,1437683209,30,71884161,1568,1375335,76003,50000,1258031,5000
427,1,12571445625,33,63492150,1415,1480736,71400,50000,1184720,5000
426,4,3057233625,63,32351679,1463,1393135,71102,50000,1174590,5000
425,8,1534833000,41,49913269,1297,1577829,66071,50000,1110949,5000
424,10,1109480813,51,36257543,1686,1096759,75456,50000,1159669,5000
423,3,3896153875,47,41448446,1432,1360389,69948,50000,1150428,5000
422,6,2205251375,21,105011971,1293,1705531,64044,50000,1104218,5000
421,5,2321144325,36,53730193,1203,1607887,62947,50000,1050873,5000
420,8,1424856375,35,54280243,1187,1600513,62929,50000,1065564,5000
419,3,3796490750,33,57522588,1194,1589821,60100,50000,1012637,5000
418,8,1435649766,46,41613037,1316,1454560,61748,50000,1025606,5000
417,4,2818329938,34,55261372,1181,1590929,58879,50000,1001817,5000
416,10,1072037100,32,55835266,1501,1190359,70470,50000,1122015,5000
415,8,1334182407,35,50825997,1587,1120927,71409,50000,1114259,5000
414,1,11703832500,35,55732536,1220,1598885,58726,50000,982817,5000
413,4,2814673500,36,52123584,1256,1493989,62797,50000,1062284,5000
412,7,1656199822,34,56830387,1223,1579913,59882,50000,1016225,5000
411,12,953227563,36,52957087,1318,1446476,63403,50000,1041554,5000
410,9,1249335709,37,50648745,1303,1438223,65942,50000,1088956,5000
409,4,2896989750,36,53647959,1320,1463127,64123,50000,1061106,5000
408,5,2235375825,33,56448885,1244,1497439,62101,50000,1039160,5000
407,7,1649707286,27,71283649,1268,1517870,65481,50000,1108695,5000
406,5,2156142450,33,54448042,1442,1246038,66604,50000,1065324,5000
405,3,3543878000,35,50626829,1283,1381091,63080,50000,1056188,5000
404,3,3566659375,26,68589604,1273,1400888,63559,50000,1050065,5000
403,5,2122396875,43,41131723,1321,1338883,63122,50000,1030051,5000
402,4,2662206188,41,43287906,1271,1396385,62656,50000,1034048,5000
401,9,1168214792,29,60424904,1355,1293227,59599,50000,949491,5000
400,4,2669834325,30,59329652,1254,1419370,59141,60192,978194,5000
399,8,1276854975,40,42561833,1462,1164483,76998,44222,1150232,5000
398,4,2680625550,31,57647862,1112,1607090,57405,62263,968563,5000
397,3,3499519700,31,56443867,1366,1280937,66958,52265,1089481,5000
396,2,5296622400,34,51927671,1202,1468836,61586,57336,1015292,5000
395,7,1534635000,42,42628750,1420,1260851,64267,55718,1038443,5000
394,1,10654349100,33,53809844,1204,1474855,56300,63081,967784,5000
393,8,1362003975,35,51885866,1072,1694035,55951,64915,966901,5000
392,6,1713528700,30,57117624,1504,1139315,73927,46358,1125811,5000
391,1,10508749800,32,54733072,1337,1309992,60803,57611,1013235,5000
390,1,10373997900,37,46729721,1087,1590617,55834,61934,960968,5000
389,5,2119027020,36,49051552,1253,1409303,60800,58088,1021691,5000
388,4,2545543875,30,56567642,1269,1337297,61475,55211,1036812,5000
387,4,2675533500,26,68603424,1177,1515454,58115,61385,978618,5000
386,10,1042953330,59,29461959,1683,1032832,72203,48150,1114222,5000
385,7,1542032700,36,49973282,1235,1456712,62096,57944,1026272,5000
384,3,3658734200,41,44618710,1215,1505652,62090,58927,1030160,5000
383,3,3596522100,28,64223609,1251,1437459,60525,59423,1010183,5000
382,6,1846674900,32,57708591,1212,1523660,62267,59315,1046779,5000
381,19,565738895,62,28895267,1981,904345,82120,43632,1211298,5000
380,4,2684274825,42,42607537,1464,1222348,77583,46132,1137404,5000
379,7,1598999786,71,26274645,1342,1390090,62084,60096,1022769,5000
378,5,2317698240,30,64380507,1124,1718341,59742,64659,1023866,5000
377,3,3912085400,22,88911032,1198,1632757,58733,66608,1009758,5000
376,6,1956915800,51,38370899,1411,1386900,69450,56355,1151878,5000
375,7,1581284058,42,43924558,1279,1442402,64951,56807,1096831,5000
374,2,5528717850,27,68255776,1398,1318245,69786,52816,1122320,5000
373,4,2791801125,29,64179337,1117,1666250,57659,64559,987105,5000
372,9,1192593200,37,48348373,1368,1307668,62564,57186,1038927,5000
371,7,1524130543,29,61315597,1201,1480560,62102,57266,1028012,5000
370,7,1678941943,32,61211425,1168,1677026,60549,64701,1058734,5000
369,6,1842177750,31,59425089,1157,1592203,59383,62044,987272,5000
368,7,1465825115,38,45003403,1195,1431071,57581,59400,954346,5000
367,7,1581736586,37,49874578,1049,1759161,55158,66912,955212,5000
366,2,5351553900,39,45739777,1617,1103186,71467,49921,1028514,5000
365,1,10697716800,35,50941509,1181,1509698,62472,57081,1014701,5000
364,4,2531914800,37,45620087,1259,1340702,63195,53421,1043314,5000
363,4,2615910600,33,52846679,1216,1434162,59672,58451,998514,5000
362,6,1729424650,26,66516333,1173,1474361,56798,60898,974787,5000
361,7,1473115115,34,50548068,1463,1174733,67347,51039,1068999,5000
360,3,3566716200,33,54041155,1208,1476290,60311,59139,1005187,5000
359,8,1286712600,37,46368022,1656,1036001,73283,46822,1097592,5000
358,3,3472654900,44,39461988,1382,1256388,68247,50884,1092528,5000
357,2,5313394350,27,65597462,1116,1587036,56547,62643,980978,5000
356,9,1157185267,37,46912917,1263,1374330,61162,56761,996940,5000
355,5,2145424800,24,74493917,1094,1634236,54130,66058,925997,5000
354,5,2124464340,34,52070205,1014,1745944,54318,65187,930195,5000
353,2,5290838250,29,60814233,1042,1692527,54217,65058,928067,5000
352,6,1732858250,29,59753733,1166,1486157,58931,58810,1006238,5000
351,4,2583357150,29,59387521,1137,1514722,55472,62094,950273,5000
350,9,1101052467,23,71807770,1197,1379765,57420,57527,964952,5000
349,3,3353209000,37,45313636,1168,1435450,59338,56511,990178,5000
348,3,3299994000,37,44594514,1222,1350244,65694,50233,978637,5000
347,7,1456624286,38,44720922,1399,1214722,63761,53306,1023184,5000
346,5,2017727340,26,64670749,1146,1467225,54509,61695,923360,5000
345,2,5203577550,38,45645418,1028,1687282,50722,68394,884042,5000
344,7,1467106543,23,74418448,1106,1547581,56496,60593,960640,5000
343,6,1717153000,29,59212173,1096,1566746,53794,63842,931340,5000
342,3,3454095800,29,59553376,1177,1467331,56149,61517,924123,5000
341,7,1497207772,33,52931588,1235,1414367,58756,59458,978760,5000
340,7,1439393186,35,47979773,1125,1492705,56209,59752,930628,5000
339,9,1096778334,32,51411485,1107,1486150,54545,60324,913229,5000
338,3,3383431000,39,43377321,1123,1506426,54492,62091,930171,5000
337,8,1257500513,33,50808102,1194,1404245,59392,56462,989912,5000
336,6,1685632650,30,56187755,989,1704381,54887,61422,935668,5000
335,5,2037492480,28,60639658,1222,1389453,60578,56057,1001927,5000
334,7,1523002972,31,57317317,1055,1684206,52311,67934,890292,5000
333,7,1550987143,36,50263473,1365,1325631,59991,60326,982937,5000
332,8,1359448388,37,48989132,1098,1650818,59833,60589,979060,5000
331,5,2165902620,45,40109308,1365,1322285,64617,55866,1054309,5000
330,9,1162280200,32,54481885,1431,1218324,69225,50370,1099109,5000
329,6,1830391200,33,55466400,1215,1506495,62711,58376,1059068,5000
328,6,1819795900,30,60659864,1380,1318693,66590,54657,1092107,5000
327,12,882674750,39,45265372,1242,1421377,63599,55515,1048457,5000
326,6,1832134550,31,59101115,1335,1372386,64087,57177,1058186,5000
325,6,1806122450,33,54730984,1258,1435710,62629,57677,1051453,5000
324,6,1865130350,40,46628259,1228,1518836,62473,59710,1068571,5000
323,8,1461025388,27,72149402,1175,1657902,60796,64085,1024880,5000
322,6,1904544700,29,65673956,1465,1300031,67829,56158,1085740,5000
321,6,1959136100,35,55975318,1276,1535374,68791,56960,1143526,5000
320,2,5513067900,25,73507572,1081,1699991,57061,64412,990610,5000
319,5,2135659380,26,68450622,1151,1546235,59490,59833,984086,5000
318,9,1207436600,28,64684104,1381,1311481,64077,56531,1044063,5000
317,4,2576258550,25,68700228,1132,1517232,57565,59672,978500,5000
316,6,1673586400,29,57709876,1398,1197130,68356,48967,1060204,5000
315,8,1308728625,32,54530360,1063,1641554,56207,62091,943975,5000
314,6,1660512200,24,69188009,1067,1556244,54892,60502,911785,5000
313,6,1715422800,26,65977800,1120,1531628,55743,61548,936364,5000
312,15,629017820,58,27112838,2064,761892,91934,34211,1080450,5000
311,8,1237691063,43,38378018,1363,1210752,64780,50950,1020412,5000
310,8,1296713325,29,59619004,1086,1592036,53956,64088,913906,5000
309,11,901622946,25,66119016,1390,1189191,69125,47826,1109802,5000
308,1,10232872800,27,63165882,978,1743844,53749,63461,922984,5000
307,4,2587643250,28,61610554,1177,1465672,59400,58085,937908,5000
306,5,2102669520,23,76183679,1219,1437428,56687,61822,937697,5000
305,5,2008210140,34,49220837,1377,1215330,66162,50589,1049049,5000
304,6,1661646150,37,44909356,1426,1165250,62096,53519,992573,5000
303,6,1672749000,29,57681000,1158,1444516,56266,59459,938678,5000
302,2,5472167250,44,41455813,1134,1608515,59455,61360,990149,5000
301,7,1447385015,47,35927997,1271,1328573,65756,51361,1060486,5000
300,12,836092425,34,49181908,1416,1180922,70193,47646,1102135,5000
299,7,1483772529,29,59691999,1118,1548362,58114,59575,984255,5000
298,1,9909778500,40,41290744,1353,1220717,63561,51970,1011908,5000
297,2,5056668750,28,60198438,1275,1322005,61258,55032,993035,5000
296,8,3066088275,53,46243415,2066,1186303,89945,54498,1435988,5000
295,0,0,26,62969875,1013,1616207,55376,59131,950380,5000
294,4,2406504975,26,61705256,1137,1411027,56795,56496,947708,5000
293,6,1656764400,21,78893543,1154,1435672,61059,54268,926442,5000
292,14,720373950,37,45428988,1688,995778,66893,50256,977718,5000
291,7,1450585200,39,43393575,1227,1379258,62513,54144,1029643,5000
290,13,2149214424,61,51251650,2297,1361059,106752,58573,1783529,5000
289,0,0,24,63761694,1019,1501748,52281,58541,880103,5000
288,4,2357261550,24,65479488,1056,1488171,50246,62553,853998,5000
287,7,1328657100,37,41894594,1330,1165489,60597,51161,962149,5000
286,3,3236566300,27,59936413,1033,1566586,48857,66246,857882,5000
285,3,3164370100,26,60853272,1017,1555738,51283,61705,872117,5000
284,3,3117640300,14,111344297,955,1632273,50537,61691,859700,5000
283,3,3137224600,24,65358846,1061,1478429,52989,59206,876107,5000
282,7,1322052643,32,48199836,1523,1012735,66297,46530,1020328,5000
281,6,1554683200,37,42018465,1491,1042712,74543,41713,970685,5000
280,7,1355258529,27,58560554,1145,1380904,53915,58653,905130,5000
279,5,1914205320,27,59080412,1088,1466150,55421,57566,922712,5000
278,3,3186530000,27,59009815,1089,1463054,55643,57268,922288,5000
277,3,3272627800,31,52784320,1104,1482169,55271,59211,914243,5000
276,3,3312569000,31,53428533,1161,1426602,59894,55308,944192,5000
275,1,10044066900,19,88105850,991,1689215,51657,64813,884959,5000
274,4,2505085575,37,45136678,1254,1331784,57315,58277,923057,5000
273,3,3339543100,21,79512931,1096,1523515,56192,59431,942078,5000
272,9,1104622800,39,42485493,1370,1209442,63219,52419,1017199,5000
271,6,1565918150,28,55925649,1256,1246751,59418,52709,956127,5000
270,5,1927830060,32,50203908,1242,1293499,59807,53724,971485,5000
269,5,1961399940,22,74295453,1014,1611933,50514,64715,866762,5000
268,7,1350954515,35,45031818,1362,1157206,61857,50960,969153,5000
267,3,3257663300,28,58172559,1141,1427548,55101,59122,925922,5000
266,3,3207211700,36,44544607,1194,1343054,58820,54526,986495,5000
265,8,1200838575,19,84269374,1010,1585266,52966,60459,889156,5000
264,7,1344889200,27,58112497,1047,1498604,50096,62642,840243,5000
263,6,1551704900,27,57470552,937,1656036,50490,61466,864303,5000
262,2,4518741600,21,71726058,1106,1361888,54807,54966,910729,5000
261,3,3192299100,32,49879674,1104,1445788,56285,56717,929205,5000
260,4,2310085575,26,59232964,1284,1199422,58258,52871,933907,5000
259,2,4838533500,25,64513780,1030,1565869,50402,64000,864868,5000
258,4,2426434350,28,57772247,1724,938297,54638,59213,901197,5000
257,4,2391377025,18,88569520,1233,1292986,57977,54996,954861,5000
256,2,4891017000,34,47951148,1192,1367735,56975,57230,938980,5000
255,6,1598618550,13,122970658,1054,1516716,55422,57689,945297,5000
254,1,9741015900,33,49197050,1225,1325309,59196,54852,978906,5000
253,4,2466189525,20,82206318,1169,1406439,57084,57604,942682,5000
252,7,1391089715,24,67622417,1087,1493044,51895,62547,874916,5000
251,8,1282616400,40,42753880,1242,1376937,62015,55153,1028991,5000
250,5,1994726280,17,97780700,1051,1581610,51328,64771,887737,5000
249,6,1663568700,29,57364438,1169,1423070,56034,59378,926776,5000
248,8,1227479363,23,71158224,1155,1417004,58847,55624,961562,5000
247,6,1669313900,29,57562549,1019,1638189,52284,63856,884542,5000
246,5,1911774240,26,61274816,1294,1231179,59600,53462,959025,5000
245,7,1382583129,35,46086105,1092,1477119,57445,56159,959435,5000
244,1,9121583100,25,60810554,1096,1387103,54930,55353,900577,5000
243,4,2408850000,29,55375863,1089,1474656,54055,59418,918683,5000
242,8,1234542375,36,45723792,1245,1322134,60644,54286,975863,5000
241,4,2552016300,34,50039536,967,1759405,53783,63267,922001,5000
240,2,5098251450,28,60693470,1084,1567728,57376,59238,961510,5000
239,9,1134140167,29,58662423,1083,1570832,55850,60921,927236,5000
238,9,1121660567,29,58016926,1066,1578322,54591,61640,930266,5000
237,7,1440630729,39,43095792,1098,1530725,57338,58626,974357,5000
236,2,5030040150,41,40894636,1046,1602945,54480,61553,940827,5000
235,3,3433330100,29,59195347,1178,1457271,59548,57657,901409,5000
234,4,2519743875,23,73036055,1049,1601363,54926,61167,921750,5000
233,10,999153750,26,64048318,1274,1307109,62535,53259,1021168,5000
232,9,1110918400,18,92576534,1268,1314178,65000,51274,1023708,5000
231,9,1088365900,19,85923624,1267,1288516,59311,55051,970465,5000
230,8,1292929163,25,68956222,1037,1662397,56346,61190,971324,5000
229,7,1451441100,27,62716591,1312,1290662,67524,50156,1089603,5000
228,9,1146700334,39,44103859,1338,1285539,66002,52122,1036309,5000
227,2,5253542400,24,72965867,1103,1587653,56663,61811,942116,5000
226,6,1744100150,38,45897373,1305,1336476,64076,54439,1026364,5000
225,6,1777201800,41,43346386,1287,1380888,65281,54448,1080798,5000
224,6,1808969950,26,69575768,1158,1562151,60549,59753,1025571,5000
223,7,1498170600,39,44817070,1416,1234369,67509,51782,1107956,5000
222,5,2275193820,33,57454390,1105,1715833,57093,66418,981530,5000
221,6,1800104250,44,40911461,1608,1119468,75459,47711,1167205,5000
220,6,1958094950,28,69931963,1317,1486785,67271,58216,1122150,5000
219,9,1208409167,41,44210092,1292,1402952,63889,56743,1065147,5000
218,4,2779075800,26,71258354,1203,1540081,60492,61255,996397,5000
217,7,1611246172,29,64820249,1206,1558696,64156,58601,1066490,5000
216,13,848506108,63,29181427,2612,703840,79174,46441,1157342,5000
215,7,1587689615,32,57884518,1248,1484219,65898,56218,1062967,5000
214,8,1406980875,36,52110403,1433,1309124,70219,53433,1167625,5000
213,8,1376678025,33,55623355,1977,928463,95451,38462,1203368,5000
212,4,2660747250,36,49273098,1228,1444489,64059,55382,1066249,5000
211,10,1035800250,29,59528750,1308,1319828,64785,53295,1080600,5000
210,2,5139085950,46,37239754,1298,1319745,64325,53262,1049739,5000
209,6,1660896350,34,48849893,1358,1223046,65973,50351,1053545,5000
208,6,1760767400,34,51787277,1224,1438536,64277,54787,1030103,5000
207,5,2104673760,37,47402563,1203,1457935,60871,57627,1020444,5000
206,5,2032859340,36,47056930,1549,1093641,66445,50992,1044599,5000
205,6,1835221800,21,87391515,1098,1671423,56067,65466,962608,5000
204,8,1358347125,23,78744761,1180,1534856,57646,62837,985516,5000
203,5,2164564740,43,41948930,1328,1358287,66916,53913,1095728,5000
202,6,1893391700,40,47334793,1232,1536844,62532,60558,1043620,5000
201,1,9719465400,37,43781376,1347,1202607,61045,53073,985655,5000
200,8,1344616613,58,30910727,1387,1292590,66233,54137,1078398,5000
199,2,5344252200,23,77452931,1049,1698206,55426,64281,939272,5000
198,6,1797855050,25,71914202,1050,1712243,55693,64564,965692,5000
197,6,1803018300,42,42929008,1229,1467062,58551,61588,993294,5000
196,15,727876520,27,67395975,1518,1198743,58079,62663,937967,5000
195,11,918992591,66,25527572,1691,996346,70324,47916,1067833,5000
194,4,2650567875,21,84145012,1072,1648364,53559,65985,917061,5000
193,3,3404449700,20,85111243,1135,1499758,58638,58059,974398,5000
192,4,2445348375,38,42900849,1098,1484729,55766,58467,943042,5000
191,4,2577114675,23,74698977,1145,1500504,59650,57606,1017334,5000
190,6,1784159450,33,54065438,1016,1756063,53791,66337,918127,5000
189,3,3461775100,33,52451138,1085,1595289,52193,66327,903280,5000
188,3,3501405200,33,53051594,1320,1326290,61227,57188,1016219,5000
187,7,1544733900,19,94852082,1253,1438300,59780,60295,981217,5000
186,9,1187882600,46,38735303,1169,1524230,58566,60849,984795,5000
185,3,3522485800,34,51801262,1228,1434237,65938,53422,1055823,5000
184,6,1747753050,31,56379131,1331,1313113,63344,55183,1054829,5000
183,6,1777221500,25,71088860,1294,1373433,67137,52944,1039403,5000
182,3,3721439400,44,42289085,1228,1515245,59004,63071,1000820,5000
181,6,1941763300,24,80906805,1233,1574829,60637,64046,1028918,5000
180,2,5763371550,35,54889253,1284,1496203,62876,61109,1047300,5000
179,10,1081093920,53,33996665,1540,1170016,69956,51514,1125523,5000
178,5,2254621080,44,42701157,1566,1199778,74612,50364,1200574,5000
177,7,1693285500,30,65849992,1260,1567857,64437,61316,1097033,5000
176,5,2314663080,40,48222148,1535,1256604,76689,50305,1191081,5000
175,5,2371132620,48,41165497,1347,1466922,67585,58473,1137627,5000
174,7,1771103058,26,79472574,1325,1559462,64999,63580,1101483,5000
173,8,1487736788,63,31486493,1448,1369924,78349,50637,1261354,5000
172,11,1081154073,19,104321885,1276,1553383,65456,60564,1111595,5000
171,6,1961339700,19,103228406,1381,1420232,71461,54893,1113068,5000
170,6,1923108250,27,71226232,1309,1469144,67030,57381,1125608,5000
169,5,2482888380,31,66744312,1171,1766929,62705,65994,1069471,5000
168,5,2349946920,54,36264613,1544,1268322,74504,52569,1233043,5000
167,5,2491222920,36,57667198,1313,1581127,64208,64666,1122401,5000
166,11,1111299982,28,72763690,1507,1351947,70751,57594,1140980,5000
165,2,6767426700,40,56395223,1535,1469583,78820,57240,1297194,5000
164,3,4054937900,39,51986384,1626,1246906,74835,54186,1250274,5000
163,7,1629726515,47,40454205,1390,1367876,66604,57095,1099200,5000
162,5,2308265760,33,58289540,1172,1641259,61205,62857,1057899,5000
161,7,1996876272,63,33275487,1381,1517999,66233,63303,1116934,5000
160,2,5490805350,32,57195890,1079,1696264,58680,62382,1022787,5000
159,6,1755407300,24,73141971,1071,1639036,54933,63911,920378,5000
158,10,1069544340,45,39612754,1516,1175841,67910,52499,1071741,5000
157,2,5484903750,28,65296474,1155,1582945,61650,59313,1028734,5000
156,8,1401099900,30,62271107,1230,1518808,59506,62789,998192,5000
155,9,1193005734,37,48365098,1287,1390450,62882,56917,1035003,5000
154,4,2836628700,32,59096432,1189,1590485,60181,62847,1020067,5000
153,4,2730526125,52,35006746,1446,1258888,71562,50875,1137072,5000
152,5,2278131840,30,63281440,1184,1603415,60282,62986,1021147,5000
151,4,2716634025,45,40246430,1491,1214681,68250,53073,1113528,5000
150,4,2831645850,46,41038346,1279,1475969,65200,57907,1100850,5000
149,7,1639052143,43,44470407,1171,1632987,60450,63267,1016240,5000
148,5,2323596420,35,55323725,1185,1634035,63358,61124,1079664,5000
147,7,1700040215,35,56668008,1215,1632412,62412,63558,1067800,5000
146,2,6043415250,34,59249170,1383,1456596,62524,64439,1038812,5000
145,3,3797838200,38,49971556,1217,1560328,63120,60169,1093545,5000
144,8,1402440413,38,49208436,1498,1248279,74181,50416,1180411,5000
143,3,3954584700,35,56494068,1182,1672837,57130,69221,986951,5000
142,11,1018265564,28,66672150,1326,1407859,64602,57795,1067644,5000
141,6,1900552400,29,65536290,1144,1661323,58203,65308,1000591,5000
140,5,2109462840,34,51702521,1310,1341898,64372,54617,1082575,5000
139,7,1650210215,28,68758759,1128,1706778,57271,67233,986618,5000
138,5,2227152000,32,57998750,1251,1483582,61230,60623,1056925,5000
137,9,1270403467,40,47640130,1578,1207608,72935,52255,1186655,5000
136,6,1997694150,26,76834391,1279,1561919,66993,59639,1119075,5000
135,7,1717293515,28,71553897,1424,1406959,66201,60529,1099249,5000
134,5,2349155100,50,39152585,1433,1366106,69698,56175,1129299,5000
133,8,1450242600,51,37914840,1466,1319002,76266,50709,1221679,5000
132,4,2920473525,34,57264187,1382,1408816,65277,59653,1098225,5000
131,8,1451214488,33,58634929,1645,1176264,73893,52372,1153272,5000
130,4,3036496650,30,67477704,1273,1590206,63587,63672,1087239,5000
129,11,1093629655,50,40099754,1473,1361160,71124,56381,1145600,5000
128,6,2064043100,23,89741005,1192,1731580,63294,65221,1102953,5000
127,6,1965939150,43,45719516,1279,1537091,67175,58532,1143382,5000
126,9,1369301500,35,58684350,1439,1427347,71370,57558,1166992,5000
125,7,1754870786,36,56870813,1444,1417832,74261,55140,1220272,5000
124,9,1395936267,37,56592011,1540,1359679,75040,55808,1230275,5000
123,5,2532982680,38,55547866,1477,1429126,72742,58036,1188107,5000
122,9,1450073800,38,57239756,1403,1550329,72518,59989,1266949,5000
121,2,6839648100,31,73544604,1342,1698870,67464,67589,1153689,5000
120,3,4364530300,31,70395650,1605,1359667,80400,54286,1377368,5000
119,9,1474899400,49,45149982,1936,1142743,85327,51856,1355365,5000
118,10,1297989720,41,52763810,1671,1294624,83233,51983,1390561,5000
117,9,1558378334,50,46751350,1642,1423610,78361,59662,1267826,5000
116,7,1997747315,56,41619736,1735,1343346,91897,50725,1499198,5000
115,9,1488589567,34,65673070,1990,1122053,91627,48739,1447287,5000
114,6,2362345050,41,57618172,1491,1584404,78504,60185,1283250,5000
113,9,1561528934,43,54471940,1479,1583701,72711,64428,1241238,5000
112,9,1567271167,32,73465836,1370,1715991,70247,66933,1227387,5000
111,6,2199047450,51,43118578,1734,1268194,86863,50633,1389605,5000
110,3,4566262000,38,60082395,1392,1640181,73674,61980,1196287,5000
109,12,1246838200,31,80441175,1493,1670246,73179,68153,1271057,5000
108,7,1998900772,41,56879291,1462,1595111,70827,65853,1223421,5000
107,2,6679927800,35,63618360,2181,1020928,91651,48590,1301235,5000
106,16,810461157,40,54030744,2056,1051182,93551,46205,1415989,5000
105,4,3416781450,26,87609781,1331,1711386,69127,65904,1192263,5000
104,2,6610743750,23,95807881,1293,1704240,71824,61361,1246208,5000
103,8,1691589563,38,59354020,1583,1424797,75587,59679,1231156,5000
102,9,1457153067,24,91072067,1352,1616664,75476,57919,1322337,5000
101,5,2707297500,38,59370560,1405,1605752,73210,61634,1246344,5000
100,4,3315315525,36,61394732,1544,1431484,76899,57484,1235777,5000
99,6,2169219050,40,54230477,1581,1372056,77203,56196,1282311,5000
98,4,3177972300,45,47081072,1880,1126941,87818,48251,1385812,5000
97,9,1496214000,46,48789587,1543,1454518,77227,58123,1282678,5000
96,7,1847133515,38,56710240,1197,1800326,65301,66002,1111779,5000
95,8,1747741238,48,48548368,1728,1348566,82432,56540,1347106,5000
94,6,2245339950,38,59087894,1353,1659527,71106,63155,1223793,5000
93,6,2269178150,26,87276083,1462,1552106,68597,66160,1185275,5000
92,11,1233270846,50,45219931,1623,1393098,79319,57011,1307607,5000
91,4,3582902400,32,74643800,1205,1982242,64183,74431,1128902,5000
90,4,3291435300,34,64537948,1297,1691820,67888,64645,1160774,5000
89,3,4248321900,30,70805365,1340,1585195,72667,58463,1261896,5000
88,4,3069709650,31,66015262,1183,1729902,64639,63321,1098115,5000
87,11,1799358055,33,99964337,1250,2639059,54768,120466,890859,10000
86,1,14252186400,16,148460275,611,3887667,35057,135515,616434,10000
85,4,3462109800,31,74453975,823,2804464,41746,110577,664492,10000
84,2,7669779000,17,150387824,635,4026131,32402,157805,582445,10000
83,2,7086948300,15,157487740,851,2775930,45924,102880,763287,10000
82,1,14562494400,20,121354120,637,3810177,36139,134320,638058,10000
81,5,2714288880,20,113095370,1046,2162436,51654,87580,787258,10000
80,1,13809540000,16,143849375,868,2651602,40251,114362,706432,10000
79,4,3416443800,31,73471910,1196,1904373,49431,92154,741871,10000
78,4,3519850000,22,106662100,910,2578600,42450,110500,716323,10000
77,3,5155758600,19,135677800,713,3615500,37033,139200,643154,10000
76,2,7451022600,17,146098400,840,2956700,44504,111600,770522,10000
75,4,3914616900,19,137354900,817,3194300,40782,127900,697174,10000
74,3,5284949800,40,66061800,1021,2588100,48438,109100,802633,10000
73,6,2766662100,26,106410000,1363,2029800,55608,99500,865131,10000
72,13,3260524600,44,104081800,2510,1824500,113994,80300,1702959,10000
71,0,0,28,88745200,782,3177500,39516,125700,659631,10000
70,3,5031277800,14,179688400,717,3508500,36781,136700,645990,10000
69,3,4962712200,20,124067800,766,3239300,41220,120300,704209,10000
68,5,2945882100,20,122745000,754,3255800,43265,113400,735760,10000
67,7,2114436500,62,39787700,972,2537900,46740,105500,748901,10000
66,4,3685138200,19,129303000,786,3125600,40188,122200,712181,10000
65,4,3727945800,27,92048000,1003,2477800,52556,94500,848960,10000
64,4,3899818000,11,236352600,651,3993600,37117,140000,654379,10000
63,2,7922245500,26,101567200,824,3204700,41505,127200,712954,10000
62,1,15817286400,22,119827900,829,3179900,41686,126400,700804,10000
61,5,3541038800,11,268260500,789,3740000,41227,143100,714784,10000
60,7,2172504600,27,93873600,1088,2329500,45712,110800,735708,10000
59,4,4127587300,23,119640200,651,4226900,35026,157100,626460,10000
58,4,3676429200,39,62844900,1318,1859600,58215,84200,880954,10000
57,4,4114411900,25,109717600,960,2857200,44050,124500,763692,10000
56,4,3777570900,29,86840700,1359,1853100,41156,122300,744566,10000
55,2,7088799600,24,98455500,728,3245700,42550,111000,746855,10000
54,3,5148626600,15,171620800,719,3580400,34854,147700,617337,10000
53,3,5014371000,25,100287400,802,3126100,45372,110500,742615,10000
52,4,3900844900,13,200043300,669,3887200,34665,150000,619109,10000
51,6,2421117000,26,93119800,961,2519300,45707,105900,706567,10000
50,3,5227061400,14,186680700,826,3164000,40296,129700,664631,10000
49,7,1967504600,49,46845300,1487,1543600,66451,69000,929635,10000
48,6,2415673600,25,96626900,1279,1888700,58047,83200,874668,10000
47,5,3250042400,11,246215300,902,3002600,40580,133400,679466,10000
46,3,5327758800,39,68304600,1043,2554000,45243,117700,745199,10000
45,2,8356417800,27,103165600,890,3129700,45470,122500,775339,10000
44,5,3362155800,23,121817200,785,3569100,40092,139700,696051,10000
43,1,17749630800,21,140870000,926,3194600,45078,131200,776043,10000
42,6,6899280100,35,131479800,1405,3275200,79543,115700,1393691,10000
41,0,0,21,109404000,700,3282100,33805,135900,583744,10000
40,13,1147652400,44,56513100,1055,2356900,65081,76400,798374,10000
39,6,2623748800,25,104949900,699,3753500,38752,135400,680975,10000
38,3,5374866400,18,149301800,679,3957900,36377,147700,681031,10000
37,3,4985999400,20,124649900,857,2908900,46334,107600,782490,10000
36,1,16014475800,19,140477800,768,3475300,38321,139300,673755,10000
35,3,5054598200,24,105304100,933,2708700,46866,107800,779854,10000
34,5,3056918000,45,56609500,1264,2015300,68519,74300,922063,10000
33,1,14903517600,41,60583400,1063,2336700,52142,95200,888943,10000
32,10,1634528300,49,55596200,1203,2264500,52704,103300,834746,10000
31,2,8106672900,29,93180100,1130,2391300,58406,92500,863641,10000
30,2,8728555500,22,132250800,872,3336600,42319,137500,710466,10000
29,5,3552594000,17,174146700,752,3936800,42347,139800,765661,10000
28,10,1700361100,22,128815200,1164,2434600,57870,97900,938483,10000
27,2,9543982500,16,198832900,579,5494500,33509,189800,625925,10000
26,5,3495069900,39,74680900,1340,2173500,72252,80600,1097093,10000
25,2,24227745300,28,175267400,1111,4417100,58903,166600,1096200,10000
24,0,0,18,176023700,925,3425300,52777,120000,755905,10000
23,4,4317947700,23,125157900,1372,2098100,63717,90300,990081,10000
22,4,4552194900,32,94837300,827,3669600,53248,113900,937961,10000
21,23,797475400,26,117576500,2008,1522400,82996,73600,1155368,10000
20,1,19352212800,14,230383400,888,3632100,48158,133900,827470,10000
19,1,40722959400,14,297278500,697,5971100,55154,150900,1135991,10000
18,0,0,15,175017300,664,3953700,38453,136500,693323,10000
17,3,5349491200,9,297193900,1142,2342100,61651,86700,961162,10000
16,4,4377146100,12,243174700,862,3385200,47255,123500,870770,10000
15,1,17014245000,16,177231700,509,5571100,39202,144600,827538,10000
14,4,9375048300,28,130363400,1421,2568700,77736,93900,1341756,10000
13,0,0,6,433309300,450,5777400,29601,175600,726751,10000
12,12,1348845700,27,99914400,1903,1417500,76845,70200,1115084,10000
11,5,4780152300,11,362132700,428,9307100,38515,206800,612805,10000
10,13,6430437900,236,40813400,11247,856400,703234,27300,3410846,10000
9,0,0,4,769456500,352,8743800,23672,260000,603375,10000
8,0,0,6,131555000,348,2268100,14279,110500,248242,10000
7,0,0,9,48165000,270,1605500,13229,65500,206259,10000
6,1,6574451700,3,196297600,138,4267300,13445,87600,176375,10000
5,0,0,0,0,42,6033800,3043,166500,60434,10000
4,0,0,1,211191200,29,7282400,2777,152100,52382,10000
3,1,2000000000,0,0,139,1174100,5940,54900,73256,10000
2,1,2002006800,2,94866800,103,1842000,3763,100800,55480,10000
1,0,0,1,143934100,28,5140500,2537,113400,40155,10000
